wyo_leaf_FPsc_02_052,wyo_leaf_FPsc_02_064,wyo_leaf_FPsc_02_065,wyo_leaf_FPsc_04_141,wyo_leaf_FPsc_04_170,wyo_leaf_FPsc_04_174,wyo_leaf_FPsc_05_178,wyo_leaf_FPsc_05_181,wyo_leaf_FPsc_05_218,wyo_leaf_FPsc_07_272,wyo_leaf_FPsc_07_292,wyo_leaf_FPsc_07_296,wyo_leaf_FPsc_10_399,wyo_leaf_FPsc_10_428,wyo_leaf_FPsc_10_435,wyo_leaf_FPsc_12_508,wyo_leaf_FPsc_12_517,wyo_leaf_FPsc_12_523,wyo_leaf_R500_02_055,wyo_leaf_R500_02_059,wyo_leaf_R500_02_082,wyo_leaf_R500_04_153,wyo_leaf_R500_04_154,wyo_leaf_R500_04_162,wyo_leaf_R500_05_179,wyo_leaf_R500_05_202,wyo_leaf_R500_05_213,wyo_leaf_R500_07_266,wyo_leaf_R500_07_269,wyo_leaf_R500_07_278,wyo_leaf_R500_10_406,wyo_leaf_R500_10_424,wyo_leaf_R500_10_432,wyo_leaf_R500_12_485,wyo_leaf_R500_12_504,wyo_leaf_R500_12_513
0.767763456,0.324098503,0.419307887,1.130996906,0,0.872953347,0,0,0.603602948,0,0.148906049,0.302770943,0.157520101,0.276971733,0,0.504064272,0,0.179619202,0.047822355,0.019589765,-0.008642825,-0.036875416,-0.065108006,-0.093340596,-0.121573187,-0.149805777,-0.178038367,-0.206270958,-0.234503548,-0.262736138,-0.290968729,-0.319201319,-0.34743391,-0.3756665,-0.40389909,-0.432131681
15.51204642,12.65340514,12.23498485,11.92401959,16.02532604,15.58119881,13.29748969,12.65996741,17.09101747,16.61906458,18.25900864,16.13965929,13.85727952,13.50777293,13.77568017,15.40875752,15.32327717,15.33063479,17.59127784,18.44901413,15.52611806,15.67859639,15.39403518,15.05409116,14.7684885,14.67025892,17.12584781,19.66686149,15.60598032,14.96483322,18.58433482,20.51381257,15.80898025,18.99266642,17.51985326,15.75366579
0.770760805,0.982483546,0.733788803,0.487178533,0.490331043,0.736190656,0.753389851,0.474891792,0.305466853,0.562336727,0.598514463,0.306844726,0.477273303,0.42211046,0.737008617,0.337412222,0.452062874,0.442721584,6.130195641,8.092621406,6.299075941,8.66235422,7.928262111,4.337022969,7.965435836,7.10241901,5.216560393,7.66259579,5.210235065,8.325588407,7.238362425,6.84945988,8.640743162,8.025718181,5.710802348,8.206010367
35.4812668,48.76904635,44.46833524,43.78024394,37.90667573,36.24400454,46.46500211,47.77615287,49.21325736,40.15885162,42.43211883,44.93060243,35.28623524,40.94196156,35.56874042,31.66481348,47.75483741,31.14145554,32.97262339,53.28094423,44.45018738,61.08607946,37.28480527,32.15148755,54.59120063,57.95257156,35.08053316,37.3716716,46.62246595,47.77121696,40.13359674,40.50349888,46.10243826,28.50985314,37.88939688,40.08183947
1.22842153,2.10664027,1.048269718,1.454138879,0.980662086,2.473367818,1.045839423,1.103138786,1.358106633,3.481598983,1.489060491,1.816625659,2.520321608,1.107886932,1.160622928,1.848235663,2.702279724,1.889351588,3.305115293,2.59451423,1.984965689,1.317873651,1.725429463,3.127735981,2.737867297,2.388406948,3.165918803,3.574074088,1.807562748,3.577688761,2.997782806,2.085844036,2.345344573,3.174548425,3.045761252,3.68014502
1.22842153,0,0.943442747,1.292567892,0.326887362,0.872953347,0.149405632,0.157591255,0,0.139263959,0.148906049,1.362469245,0.472560302,0.692429332,1.015545062,1.512192815,0,0.726673688,0,0,0,0.146430406,0,0,0,0,0.253273504,0,0,0,0,0,0,0,0,0
9.980924929,14.18605076,11.11165902,8.240120315,4.73986675,5.819688983,7.022064698,12.52029428,6.790533166,4.177918779,9.827799238,4.390178677,6.458324122,7.893694388,8.994827696,5.040642716,4.203546237,4.755846749,4.20088086,2.162095192,4.962414224,4.832203386,1.109204655,1.489398086,2.737867297,6.501774469,3.165918803,2.997610526,1.032892999,4.216561754,2.398226245,2.627595672,2.345344573,0.875737497,1.269067188,3.105122361
52.20791501,51.85576049,45.07559789,48.30972498,48.54277327,50.48580193,46.46515151,48.06533282,47.83553363,51.38840098,43.18275423,44.8100996,52.45419348,47.36216633,47.58554007,60.82375544,51.94382136,58.86056869,48.12247867,50.01646877,43.5274619,54.03281968,48.92824977,47.06497953,47.26423545,42.99132506,36.34474785,38.50776599,45.18906869,43.82668733,41.24949141,43.1074434,46.4131347,35.02949986,48.98599347,37.1464638
23.24757034,15.94940589,16.47282484,18.32150359,19.60555987,18.86554028,15.53489879,16.96737767,20.06014038,22.6574106,22.63371946,17.87287155,13.71978023,17.03888555,22.54364961,24.12300385,23.67437241,17.74101141,15.98155449,22.5562743,12.11159426,29.27978462,23.25731022,12.58930116,25.31360054,16.61999513,13.15819173,12.72474139,16.86171998,18.28646168,11.96400729,13.9531378,15.6623345,10.66908803,17.56617421,14.50954677
20.9630134,10.25640502,16.58677175,26.01292884,27.94886946,24.00621705,11.03218656,19.54131564,14.48647075,20.56622298,14.1368127,19.10666314,15.12192965,21.4653093,21.42509926,19.65850659,14.252694,17.58550324,6.87463981,9.945637883,10.35017824,9.371545961,7.887677545,14.89398086,8.789995007,8.492113592,10.76412393,10.72222227,10.45804161,7.155377523,7.794235296,7.300454124,8.270425598,14.12126713,7.61440313,7.360255539
0,0,0,0.161570987,0,0,0,0,0.150900737,0,0,0,0,0,0,0,0,0,0,0,0,0,0,0,0,0.132689275,0,0,0,0,0,0,0,0,0,0
1.22842153,0.972295509,0.838615775,0.48471296,0.326887362,0.145492225,0.149405632,0.787956276,1.659908107,0.417791878,0.446718147,1.816625659,1.102640704,1.107886932,2.321245857,0.336042848,0,0.58133895,4.494956799,6.774564935,5.387764014,10.54298921,3.327613964,5.808652536,8.213601892,5.97101737,4.179012819,4.727001214,5.680911493,6.772053727,5.276097739,5.909891434,5.307885085,4.48815467,5.710802348,6.210244722
2.303290368,2.754837276,3.144809155,4.362416637,4.412979388,4.073782288,2.689301374,3.467007613,0.905404422,1.392639593,4.467181472,1.059698301,1.102640704,2.077287997,2.321245857,1.512192815,1.801519816,0.290669475,1.189841506,0.720698397,0,0.439291217,0.73946977,4.766073876,0.720491394,0.26537855,0.126636752,0.46117085,1.549339498,0.511098394,0.239822624,0.463520897,0.493756752,0.109467187,1.015253751,0.230009064
0,0,0,0,0,0,0,0,0,0,0,0,0,0,0,0,0,0,0,0,0,0,0,0,0,0,0,0,0,0,0,0,0,0,0,0
1.074868838,2.916886528,2.411020352,2.908277758,3.432317302,0.872953347,1.045839423,0.630365021,0.301801474,0.557055837,1.191248392,0.454156415,0.945120603,0.830915199,1.015545062,0.840107119,0.150126651,0.290669475,0.661023059,0.720698397,0.425349791,0.585721623,0.492979847,1.532411903,0.576393115,0.398067825,0.126636752,0.345878138,0.903781374,0.75315715,0.719467873,0.927041794,0.740635128,0.109467187,0.507626875,0.230009064
0,0,0.209653944,0,0,0.436476674,0.149405632,0,0,0,0,0,0,0,0,0,0,0,0,0,0,0,0,0,0,0,0,0,0,0,0,0,0,0.109467187,0,0
45.91225467,45.04969193,54.61485233,70.9296631,65.70435978,45.53906629,49.45326415,45.38628148,24.4459194,45.40005073,56.58429864,43.14485941,30.8739397,44.86942073,49.18139659,30.07583487,45.93875531,24.4162359,21.94596555,27.96309782,26.79703681,25.18602977,24.64899233,62.1079002,26.36998502,24.14944803,16.08286752,21.55973724,28.79189234,24.40494834,22.30350408,20.62667991,27.77381731,26.70999365,23.09702283,20.47080668
4.299475354,5.185576049,6.28961831,4.847129597,5.557085155,5.674196758,5.229197116,4.727737654,4.376121373,5.431294413,6.105148011,6.358189808,3.622962312,5.123977059,5.077725312,3.528449901,4.653926191,6.104058975,5.552593693,3.603491987,3.686364852,3.807190547,4.067083734,7.59593024,3.746555249,4.511435346,4.938833332,6.110513764,5.810023118,4.344336353,4.79645249,4.171688071,5.307885085,5.25442498,5.330082191,3.220126893
7.67763456,11.18139836,9.434427466,9.694259194,7.028078285,9.166010148,8.814932281,6.776423971,9.506746432,11.14111674,9.827799238,16.34963093,10.08128643,11.07886932,13.34716368,6.720856955,13.06101867,7.55740635,4.098342964,6.774564935,7.23094644,8.05367231,5.053043427,6.255471962,8.069503613,4.113367521,2.912645298,6.686977327,7.746697491,6.133180734,5.036275114,6.025771658,5.431324273,5.363892167,6.852962817,5.750226594
490.8895275,609.4672351,647.4407296,595.2275145,551.3560103,488.6079927,496.5929452,552.4093544,522.4907839,521.7788837,560.0564973,516.257763,410.8848814,442.426337,429.6466496,434.792399,515.9672854,334.0911345,237.7779265,356.4358064,281.4440316,424.949823,214.8221304,451.077615,432.0397825,276.3944134,90.07938114,104.9151002,391.3102215,382.4242627,148.9202569,162.7873801,295.3652891,52.18333648,338.2965095,132.9049873
0,0,0,0,0,0,0,0,0,0,0,0,0,0,0,0,0,0,0.00595517,0,0,0.073215203,0,0,0,0,0,0,0,0,0.059955656,0,0.061719594,0,0.063453359,0
0,0,0,0,0,0,0,0,0,0,0,0,0,0,0,0,0,0,0,0,0,0,0,0,0,0,0,0,0,0,0,0,0,0,0,0
1.381974221,1.620492515,0.419307887,1.292567892,2.124767854,1.454922246,1.344650687,1.575912551,1.056305159,1.114111674,0.893436294,2.876323961,1.575201005,0.830915199,1.450778661,1.680214239,1.050886559,1.1626779,0.528818447,0.720698397,0.425349791,0.585721623,0.616224808,0.744699043,0.576393115,0.26537855,0.506547008,0.230585425,0.387334875,0.511098394,1.07920181,0.927041794,1.481270256,0.76627031,1.015253751,1.265049851
7.063423796,3.078935779,3.773770986,3.231419731,2.941986259,2.618860042,4.930385852,5.988467696,8.450441273,4.177918779,3.424839128,1.362469245,2.362801508,2.492745596,3.191713053,2.016257087,4.50379954,1.74401685,0.925432282,0.864838077,2.126748953,1.025012839,2.957879079,0.744699043,3.890653528,7.032531569,28.61990598,3.458781376,1.291116248,15.20517724,5.8756543,5.678130986,3.456297265,0.437868748,1.14216047,16.56065259
0.312553432,0.324098503,0.419307887,0.501605206,0.817218405,0.436476674,1.220155456,0.945547531,0.603602948,0.42409775,0.595624196,0.151385472,2.047761307,0.138485866,1.305700795,0.168021424,1.351139862,1.453347375,0.135049655,0,0,0.146430406,0.246489923,0.297879617,0.288196558,0.132689275,0.13063974,0.691756275,0,0.638872993,0.719467873,0,0.370317564,0.672232522,0.126906719,0.920036255
90.88277069,108.5005625,107.8659058,102.1164181,96.37391275,101.4790807,107.1774747,117.7548649,108.0164075,104.6958593,111.7024683,116.6494696,117.314355,106.0708951,101.2257598,115.256312,108.1618986,109.9301781,59.03927448,51.74196488,49.60812073,79.4064268,52.53501357,54.84648877,80.69258646,48.70306759,32.01655694,38.96686157,64.70390345,61.77595184,42.27065615,49.68515257,48.12103931,38.08987401,71.58884153,45.32386104
104.1053465,72.50747916,109.9907485,108.1816313,133.6137383,140.8097028,109.8041751,102.5630679,118.8287471,124.9118335,156.8516758,135.3422449,128.9925802,115.9817747,124.6179698,165.4207883,161.9115935,181.9997851,131.2703217,124.3098072,80.29710812,98.90085313,142.2764486,112.8332245,92.85548988,95.75362295,95.30454017,96.31726144,91.90010522,84.98940205,85.09482291,107.6059127,74.65774907,88.41303458,110.5849919,83.82093806
0,0,0,0,0.326887362,0.145492225,0,0.157591255,0,0.139263959,0,0,0.157520101,0,0.145077866,0,0,0.290669475,0,0.432419038,0.141783264,0.146430406,0.123244962,0,0.144098279,0,0,0.345878138,0,0,0,0.115880224,0.123439188,0,0,0.115004532
0,0,0,0.161570987,0,0,0,0,0,0,0,0,0,0,0,0,0.150126651,0,0,0,0,0,0,0,0,0,0,0,0,0,0,0,0,0,0,0
0,0,0,0,0,0,0,0,0.150900737,0,0,0,0,0,0,0,0,0,0,0,0,0,0,0,0,0,0,0,0,0,0,0,0,0,0,0
6.29566034,7.616314823,6.079964367,4.847129597,6.864634604,6.838134555,6.125630907,5.988467696,7.394136114,9.013553385,6.849678257,10.22910118,9.608726132,7.543920635,6.528503973,14.05101,9.608105685,15.69615165,13.00138491,11.67531404,11.05909456,8.200102716,13.55694578,10.87260603,6.986936474,8.890181417,12.79031196,17.37484236,9.166925364,8.560898108,14.50926878,13.52472861,9.419965381,18.86415195,12.05613829,15.18059821
40.2308051,46.34608594,39.41494141,37.96918184,37.918934,36.51854837,43.02882198,40.50095257,44.66661816,39.27146168,39.60900905,36.3313021,39.69506533,39.46847194,39.46117957,39.98909888,34.37900315,47.6697939,107.0319282,105.217786,111.0079301,110.9892688,116.9541691,88.17236671,111.5281771,121.145308,100.2700939,102.4952214,106.5018553,108.3513263,97.96442441,104.5239622,98.49410316,87.45574403,90.09653669,106.9494995
7.00518126,7.242045871,10.42244264,10.93578681,7.232742462,5.764998456,6.37241913,6.064773381,1.638163311,5.973950357,6.625291731,5.722189165,3.763517498,5.860126379,6.421857233,4.393793839,5.749400366,1.918491202,2.260831065,1.750389025,3.077831085,3.524843438,0.802913811,7.716035302,3.554227276,1.42622394,1.093460232,0.716285953,3.398940991,3.670057019,2.10698565,1.401165731,1.903296496,1.98991642,2.269739357,1.896298226
6.142107648,7.616314823,2.306193381,6.139697489,7.191521966,5.09222786,3.585735165,7.564380247,0.754503685,1.531903552,4.616087521,1.211083773,3.780482413,5.262462925,10.73576209,1.008128543,1.951646467,0.872008425,15.07132574,0,1.559615899,0.146430406,0.123244962,26.21340632,0.864589673,0.132689275,0.506547008,0,2.065785997,7.538701319,6.355299549,0.115880224,16.04709444,0.218934374,1.522880626,7.705303636
581.811147,583.8634533,431.2581622,462.7393055,471.8619072,469.7565652,549.513914,606.2141607,565.0840259,444.6698221,446.5692411,328.7638287,444.5217237,418.2273167,392.2905498,318.4005983,392.4310666,282.6760644,606.537572,318.9623725,477.8861611,417.4379432,496.4035916,542.2109051,446.3818842,315.6319588,349.2641623,250.4791826,524.4849891,419.0291297,356.4675526,338.4061775,410.535286,248.3810475,448.7738845,332.4781017
0,0,0.104826972,0.161570987,0.326887362,0.581968898,0.448216896,0.945547531,0.150900737,0.139263959,0.297812098,0.454156415,0.157520101,0.138485866,0.580311464,0.168021424,0.150126651,0,0,0.144139679,0,0,0,0.297879617,0.144098279,0,0.126636752,0.115292713,0.387334875,0.127774599,0.119911312,0,0,0.109467187,0,0.230009064
1.381974221,0.324098503,0.104826972,0,0,0.145492225,0.149405632,0,0.603602948,0.139263959,0.148906049,0.90831283,0.157520101,0.415457599,0.145077866,0,0,0.726673688,0.132204612,0.864838077,0.283566527,0.585721623,0,0.148939809,0.720491394,0.663446374,0.633183761,0.230585425,0.387334875,0.383323796,1.678758371,0.115880224,0.370317564,0.218934374,0.253813438,0.575022659
0,0,0,0,0,0,0,0,0,0,0,0,0,0,0,0,0,0,0,0,0,0,0,0,0,0,0,0,0,0,0,0,0,0,0,0
5.527896883,7.454265571,4.297905845,4.68555861,3.268873621,4.364766737,5.079791484,5.51569393,6.941433903,3.899390861,6.849678257,5.60126245,11.18392714,10.10946825,4.932647446,3.360428478,4.954179494,4.360042125,122.0248566,117.0414197,151.708092,118.1693374,120.4103275,54.66090977,96.83404336,144.2332418,88.13917946,102.0340506,79.0163144,100.1752853,100.9653249,110.5497339,85.17303974,76.29862939,64.84933332,93.95870255
0,0,0,0,0,0,0,0,0,0.139263959,0,0,0,0,0,0.168021424,0,0,0,0,0,0,0,0,0,0,0,0,0,0,0,0,0,0,0,0.230009064
0,0,0,0,0,0,0,0,0,0,0,0,0,0,0,0,0,0,0,0,0,0,0,0,0,0,0,0,0,0,0,0,0,0,0,0
8.291845325,7.454265571,9.11994655,10.66368511,7.681853009,10.32994794,8.665526649,10.08584033,9.959448643,7.241725884,11.46576578,6.963731694,9.13616583,10.80189758,6.818659705,6.720856955,8.407092474,4.796046338,3.569524517,5.33316814,6.947379913,3.514329735,3.450858926,4.31925445,5.475734595,5.042192445,6.965021366,3.343488663,4.102521879,7.666475917,7.554412671,5.446370537,6.29539859,3.552286848,3.553388127,5.750226594
33.93514476,29.65501303,31.8225335,36.35347198,33.99628566,45.24808184,35.47337918,34.51248488,31.99095625,38.78919059,40.70004367,47.53503809,36.85970352,37.34119054,32.497442,50.74247001,44.58761544,46.91143724,79.70245868,45.11571967,59.12362089,69.09757981,51.63963893,66.70239541,62.82684956,44.31821781,58.84771879,62.37335748,68.55827279,61.45958194,59.47601087,61.7641595,49.71414547,54.95252791,69.39640106,42.66668133
0.307105382,0.486147755,0.628961831,0.161570987,0,0.436476674,0.747028159,0.630365021,0,0,0.148906049,0,0,0.415457599,0.145077866,0,0,0,0.132204612,0.720698397,1.417832635,0.292860811,0.369734885,0.595759235,0.144098279,0.398067825,1.519641025,0.46117085,0.645558124,0.638872993,0.479645249,0,0.987513504,1.094671871,0.380720157,0.230009064
83.68621671,79.72823176,88.68361818,80.46235131,98.22965231,82.20310688,86.20704959,89.98460669,78.61928398,95.95286796,87.1100387,85.68417694,79.39013067,84.1994068,76.89126901,84.68279764,85.42206461,89.09019409,78.13292553,65.43941448,72.45124766,78.77955823,56.44619243,93.38526001,76.66028432,66.74270526,65.72447434,69.63679837,79.40364928,84.97010808,70.26802897,63.85000353,66.0399656,76.84596533,76.01712458,73.947914
0,0,0,0,0.163443681,0,0,0,0,0,0.148906049,0,0,0,0,0,0,0,0,0,0.141783264,0,0,0,0,0.132689275,0,0.230585425,0,0.127774599,0.119911312,0.231760448,0.246878376,0.109467187,0,0
63.78624859,56.76407027,49.96483269,50.14743338,54.37722235,55.62764264,57.23386124,57.1213143,58.81974918,52.9583236,65.34325026,46.80384626,38.7011135,51.97471508,58.37556128,44.05168889,55.46939564,55.61073862,38.38878193,44.36215743,35.2796459,44.23603982,36.28738379,53.78127126,38.53562631,36.22005867,51.34031222,54.86445841,42.03693749,40.05324788,39.75095974,38.26608351,46.25760132,45.76374276,44.44730158,37.60406683
59.27133881,75.51495122,62.68652916,66.56724646,54.59018947,53.97761532,54.98127253,61.145407,46.77922847,47.2104822,51.22368087,43.7504013,40.79770604,47.77762393,56.58036776,29.5717706,50.8929348,17.00416429,17.9798272,25.51272326,20.55857321,41.5862352,21.93760317,35.44767445,33.57489896,16.45347009,7.598205126,8.301075302,34.47280383,28.23818629,9.832727604,9.849819057,18.39243902,4.707089044,19.03600783,10.69542147
2.456843059,3.240985031,3.459290071,3.716132691,4.249535707,4.073782288,3.137518269,2.836642593,4.828823584,4.317182738,2.382496785,5.449876978,3.938002513,2.077287997,2.901557321,6.216792684,3.903292935,6.540063188,6.081412139,5.47730782,5.245980751,6.150077037,8.750392277,4.468194259,5.187538037,4.511435346,5.698653845,5.303464776,3.356902246,3.833237959,4.196895928,5.098729865,3.703175641,6.568031225,4.949362035,5.060199403
0,0,0,0,0,0,0,0,0,0,0,0,0,0,0,0,0,0,0,0,0,0.146430406,0,0,0,0,0,0,0,0,0,0,0,0,0,0
0.153552691,0,0,0,0,0,0,0,0,0,0,0,0,0,0,0,0,0,0,0.720698397,0.141783264,0.146430406,0.246489923,0.297879617,0,0.132689275,1.266367521,0.345878138,0.25822325,0,0.119911312,0.347640673,0.123439188,0.109467187,0.253813438,0.115004532
0,0,0,0,0,0,0,0,0,0,0,0,0,0,0,0,0,0,0,0,0,0,0,0,0,0,0,0,0,0,0,0,0,0,0,0
88.06999249,74.55821244,78.49129171,64.67525021,76.97641669,68.78013974,77.04235873,91.10744438,81.64333475,69.15444354,74.53804988,66.81216127,74.8992326,78.00271822,73.37298568,72.36178662,65.3612407,68.02363322,69.63177238,62.8294773,72.91884887,74.49075808,53.60860044,57.32514506,69.55768016,73.50733719,70.73928973,71.69765561,67.64868139,78.9408081,86.15999509,66.31929523,71.34859132,56.4428142,60.82144098,62.27230891
15.04816374,21.55255046,23.79572261,24.23564798,23.53589007,18.76849697,21.21559973,21.11722819,15.99547812,19.35769034,17.71981984,22.70782074,12.44408794,18.83407784,23.9378479,19.82652802,22.06861775,11.04544005,26.30871773,28.82793589,24.1031548,34.11828451,20.45866363,33.66039675,33.43080068,27.997437,16.84268803,16.94802874,35.11836196,31.43255126,16.06811584,18.6567161,27.40349974,12.04139058,35.40697455,20.35580214
2.303290368,3.240985031,2.725501268,2.758517611,2.615098897,2.327875593,2.091678846,3.939781379,4.979724321,3.203071064,3.424839128,2.724938489,4.107651661,4.29306186,3.481868785,1.848235663,4.954179494,1.615933346,1.189841506,0.432419038,0.425349791,0.585721623,0.618725448,0.446819426,0.576393115,0.26537855,0.761821373,1.152927125,0.387334875,1.024805946,0.479645249,0.581367608,0.493756752,0,0.634533594,0.576904134
0,0,0,0,0,0,0,0,0,0,0,0,0,0,0,0,0,0,0,0,0,0,0,0,0,0,0,0,0,0,0,0,0,0,0,0
29.78922209,29.16886528,33.02049613,34.88753842,30.23708099,32.15378163,35.85735165,45.70146399,52.96615869,48.18532992,38.26885461,36.63528413,49.13414232,44.1769914,35.68915505,28.73166348,42.48584233,25.56161897,41.64445269,32.43142788,39.84109705,37.63261425,29.82281582,36.49025311,35.01588175,34.63190074,47.3601191,27.43966558,32.92346433,49.06289038,38.85126517,33.60329505,32.46450645,26.05319052,34.3917208,34.61452402
37.92751473,35.00263833,35.01220859,33.44519422,33.96702924,38.66805049,41.22923114,33.40934609,42.09210068,39.68716459,33.20604894,40.85136952,38.08111438,38.08361327,40.18004039,45.19776302,36.78102958,46.36178126,82.13594897,76.37168846,78.64887768,93.71179885,92.54254653,63.40308077,86.87252934,89.80715309,83.41676834,67.40046562,80.91929064,83.93768933,76.25064416,73.32634063,76.62253063,59.46925352,78.78343724,73.80910353
15.35526912,17.01517141,19.07850888,16.15709866,16.18092442,14.98569913,11.95245055,15.75912551,11.31755528,14.62271573,16.82638354,16.34963093,13.38920854,13.15615731,13.49224154,19.32246375,13.96177857,14.38813901,15.86455341,14.84638698,13.18584351,19.18238314,19.47270394,16.23443914,13.11294337,11.67665619,13.04358547,12.22102753,18.59207398,13.03300906,13.43006697,14.8326687,15.55333769,12.58872651,15.60952642,9.890389742
0,0,0,0,0,0,0,0,0,0,0,0,0,0,0,0,0,0,0,0,0,0,0,0,0,0,0,0,0,0,0,0,0,0,0,0
0,0,0.104826972,0.323141973,0.163443681,0.145492225,0,0,0.150900737,0,0,0.151385472,0,0.138485866,0,0.168021424,0,0,0.132204612,0,0.283566527,0.585721623,0.369734885,0.297879617,0.144098279,0.398067825,0.253273504,0.691756275,0.129111625,0.255549197,0.119911312,0.115880224,0,0.218934374,0.126906719,0.115004532
0,0,0,0,0,0,0,0,0,0,0,0,0,0,0,0,0,0,0,0.288279359,0,0,0,0,0,0,0,0,0,0,0,0,0,0,0,0
103.4945139,108.897097,113.7372644,105.8289962,113.4299146,113.4839352,118.3292604,114.0960687,99.59448643,116.5639339,97.68236818,128.6776509,101.4429447,94.17038919,100.8291169,108.7098613,136.6152527,82.25946143,87.9160668,83.45687441,67.91418323,108.651361,91.32451658,87.27872786,111.8202644,88.50374635,39.89057691,37.35483886,121.6231506,97.74756794,57.7972525,59.67831546,95.66537073,20.90823273,123.4802374,62.33245628
1.842632294,2.268689522,1.782058521,0.807854933,0.653774724,1.309430021,1.643461951,0.787956276,0.452702211,0.835583756,1.191248392,2.422167546,0.630080402,1.523344531,1.595856527,0.840107119,0.750633257,0.145334738,1.189841506,1.729676154,0.425349791,0.292860811,0.492979847,0.446819426,0.864589673,0.796135649,0.886457265,0.230585425,0.774669749,0.511098394,1.07920181,1.042922018,0.987513504,0.109467187,0.380720157,0.345013596
1.074868838,0.972295509,1.572404578,7.270694395,3.10542994,1.163937797,1.792867583,1.260730041,0.452702211,0.417791878,5.807335913,2.422167546,1.732721106,3.046689062,3.626946651,1.008128543,1.951646467,1.1626779,0,0,0,0,0,0,0,0,0,0,0,0,0,0,0,0,0,0
3.531711898,3.078935779,4.926867677,2.100422825,3.595760983,4.801243411,4.844731603,5.51569393,5.130625058,3.620862942,5.956241962,2.724938489,8.97864573,7.339750922,3.090782382,3.6068655,7.506332566,3.924037913,8.284562333,3.315212628,11.43487692,5.163033602,5.792513197,8.340629283,4.755243201,4.776813896,5.065470084,7.955197165,6.584692867,7.794250516,6.95485611,7.763975021,6.665716154,8.866842153,8.122030005,7.820308168
6.175751043,3.823357631,6.058810284,7.034897697,9.583830781,10.87094623,4.892885038,5.363145595,3.74064819,7.622111462,4.515307907,4.962657976,9.063423048,5.699219651,6.928817328,8.057383371,6.243362087,10.60020708,7.138916829,6.662308952,10.06661171,2.984866675,6.487565483,21.14945283,8.304282939,6.050272674,4.371462692,5.072879351,8.905745458,10.47751709,6.115476924,8.922777263,11.75764438,6.535530417,10.70290657,10.25754171
0.921316147,0.648197006,1.15309669,1.292567892,1.797880491,1.309430021,0.747028159,0.787956276,0.754503685,0.139263959,1.340154441,1.816625659,0.157520101,0.692429332,1.305700795,1.512192815,0.900759908,0.872008425,3.966138352,3.459352307,2.835665271,3.660760141,4.436818619,5.510772919,4.034751807,2.123028398,1.772914529,2.421146963,3.615125496,3.322139564,2.877871494,2.20172426,2.715662137,4.707089044,3.807201565,3.105122361
0.307105382,0.810246258,0.209653944,0.161570987,0.163443681,0.727461123,0.448216896,0.157591255,0.301801474,0.417791878,0,0.454156415,0.787600503,0.415457599,0.435233598,0.168021424,0.300253303,1.017343163,1.322046117,1.873815833,0.708916318,0.878582434,1.47893954,0.744699043,1.440982788,0.796135649,1.646277777,1.498805263,2.453120872,1.022196789,1.199113122,0.811161569,1.728148632,0.547335935,1.395973907,1.035040787
83.99332209,73.73240945,84.4905393,71.25280507,72.73243806,90.49616369,51.99315989,38.76744877,73.94136114,53.61662433,45.56525101,65.70129468,82.69805278,41.40727407,19.15027832,72.08119084,32.27062446,127.0225606,322.5792526,598.6120888,251.510749,192.5559834,472.1514481,152.6633038,189.3451384,378.2891613,196.2629048,310.4786631,234.9831572,144.1297472,164.8780543,358.6492939,184.4181469,118.1150949,139.470484,251.2653514
0.307105382,0,0.314480916,0.323141973,0,0,0,0.157591255,0,0.139263959,0.148906049,0.151385472,0.157520101,0.138485866,0.145077866,0,0.150126651,0.145334738,0,0,0.141783264,0.292860811,0.123244962,0.297879617,0.432294836,0.132689275,0.253273504,0.230585425,0.25822325,0.127774599,0.479645249,0,0.123439188,0.109467187,0.126906719,0.345013596
58.81068073,56.23109029,30.19016789,32.15262633,39.22648345,38.84642396,37.5008136,48.69569784,35.31077246,26.87794415,40.94916349,32.39649093,30.0863392,43.90001966,33.80314279,33.1002205,40.53419586,24.56157064,93.05195156,77.24344525,117.3757001,66.91869538,58.62158925,60.4695623,84.72978794,64.07220092,87.46977759,98.90189347,78.4998679,68.35941026,89.81357287,83.20200097,71.56720212,107.1683761,63.19954598,66.21707936
11.97710991,12.80189087,13.73233331,12.92567892,8.662515095,10.76642462,10.45839423,9.770657819,10.11034938,9.469949233,10.72123553,15.13854716,9.923766333,10.38643998,8.559594097,14.44984245,10.50886559,7.993410563,4.62716141,6.198006217,4.962414224,5.564355414,5.669268236,5.510772919,6.196225989,5.838328095,2.152824786,4.381123076,7.359362616,5.238758543,4.556629865,7.300454124,4.443810769,4.597621857,6.565151069,5.060199403
0,0,0.104826972,0,0.163443681,0,0,0,0,0,0,0,0,0,0,0,0,0,0,0.288279359,0.141783264,0,0.123244962,0,0,0.132689275,0.129898915,0.230585425,0.129111625,0,0,0,0,0.109467187,0,0.115004532
74.8902579,65.95404538,63.29284837,96.38969602,85.27886535,64.70446605,68.57718503,74.17379124,63.22740881,67.4825797,81.27128361,74.44077796,53.37789134,66.14708168,85.2732878,58.7913683,59.54728587,39.49427891,63.45133899,85.3745087,84.04770079,120.642254,77.50148492,128.3521568,104.9970668,83.4009149,94.67832143,90.36239284,97.18283647,88.65627748,71.30634102,67.53198178,82.79362595,77.70331234,69.63688929,74.94615334
3.378159207,5.023526798,6.394445282,5.978126503,5.230197793,3.637305614,3.884546429,5.358102675,2.565312529,3.203071064,4.616087521,6.963731694,4.568082915,5.539434658,3.772024518,3.864492749,4.954179494,2.034686325,1.586455341,2.59451423,2.977448534,6.150077037,1.232449616,2.978796173,3.746555249,2.255717673,0.886457265,0.576463563,3.356902246,6.51650453,1.678758371,1.39056269,3.703175641,0.547335935,3.29957469,1.955077042
0,0,0,0,0,0,0,0,0,0,0,0,0,0,0,0,0,0,0,0,0,0,0,0,0,0,0,0,0,0,0,0,0,0,0,0
8.677247225,7.826330653,10.48447924,9.85583018,14.87337497,12.51233131,9.56196044,11.34657037,11.77025749,11.21310228,13.34169907,9.153658788,11.11841453,12.60221385,12.71607496,10.75337113,11.93867182,11.04544005,14.62619281,15.13466634,13.04406024,12.59301489,13.43370082,16.55883004,12.10425542,15.25926661,13.55013248,10.83751498,14.58961361,10.17315799,12.59068779,12.05154332,14.31894581,13.64738368,13.70592563,13.70060489
1.22842153,1.458443264,1.15309669,0.323141973,1.470993129,2.764352267,1.942273214,2.521460082,3.508985378,4.874238576,2.978120981,6.860471664,5.134288917,5.262462925,1.305700795,2.18427851,5.254432797,4.394486458,4.372032951,11.60233612,8.11816939,17.82321611,16.26747222,2.383036938,16.65286169,14.64849788,14.54005197,8.992831577,15.29275552,18.11818254,14.74381531,17.30242392,11.54008281,5.582826541,13.09030114,22.2731577
0,0,0,0,0,0,0,0,0,0,0,0,0,0,0,0,0,0,0,0,0,0,0,0,0,0,0,0,0,0,0,0,0,0,0,0
0,0,0,0,0,0,0,0,0,0,0,0,0,0,0,0,0,0,0,0,0,0,0,0,0,0,0,0,0,0,0,0,0,0,0,0
0,0,0,0,0,0,0,0,0,0,0,0,0,0,0,0,0,0,0,0,0,0,0,0,0,0,0,0,0,0,0,0,0,0,0,0
4.913686119,9.722955093,7.862022888,6.947552422,7.84529669,5.674196758,18.51897748,17.49262932,13.71909524,15.17977156,7.8920206,12.2622232,13.07416834,16.47981811,17.97311651,10.07012881,19.66659132,6.540063188,1.983069176,9.801498203,9.21591213,16.25377503,11.58502639,2.085157321,16.42720378,12.20741329,22.16143162,4.381123076,9.941595113,19.03841519,23.26279457,8.343376142,18.88619577,0,5.964615785,17.0075602
615.132081,601.2027232,572.3552663,496.0229287,785.02,478.08745,471.9723911,535.495085,343.6009782,509.4275631,399.2171175,351.2142942,264.6337689,337.9055141,463.5237821,400.2270317,416.9017107,313.6323635,240.6123933,231.3441855,198.2130024,251.1281457,194.7270394,425.0742138,259.3769019,151.1330841,145.7589017,164.5227008,285.982249,198.5617263,155.2851493,162.4640743,227.2515452,153.3635291,243.4070867,139.8455108
249.2160178,391.8350902,324.2298239,364.0194327,442.1151572,317.7550185,353.6431307,451.498946,160.8601857,252.4855582,302.2792796,167.1295607,164.1359447,232.1023122,359.64803,127.0241965,229.5436499,76.15540245,28.55619613,58.9531289,57.1386552,63.40436564,54.96725289,72.68262661,65.85291341,46.97200331,26.21380769,32.62783765,89.60346764,70.65935304,37.89197467,39.283396,48.75847927,15.32540619,53.42772863,27.71609218
4.760133427,4.537379043,7.023407113,5.17027157,4.249535707,4.655751186,6.573847803,6.618832716,4.828823584,4.595710657,7.594208502,4.844335092,7.560964825,6.093378124,5.367881044,5.376685564,5.554686099,1.598682113,3.701729128,3.026933269,2.835665271,3.660760141,3.820593811,1.940402721,1.585081067,4.378746071,3.039282051,3.228195951,3.615125496,3.577688761,2.757960181,1.854083587,2.098466197,1.751474993,2.665041096,1.84007251
3.685264589,7.292216319,6.708926198,4.362416637,6.701190923,4.073782288,3.137518269,5.042920165,2.112610318,3.203071064,5.211711717,4.69294962,2.677841709,3.600632528,3.191713053,1.848235663,5.104306145,2.616025275,2.776296846,2.306234871,4.537064433,4.392912169,4.190328696,4.021374833,3.026063855,3.582610422,4.432286324,4.842293926,5.293576619,2.938815768,3.597339367,3.128766053,3.332858077,8.319506218,4.187921722,3.220126893
1.842632294,1.782541767,2.096539437,0,1.144105767,3.200828941,1.344650687,1.103138786,1.961709581,3.063807105,2.978120981,2.876323961,7.876005026,3.185174928,2.466323723,3.360428478,1.201013211,6.685397925,8.328890539,9.369079165,20.55857321,2.196456085,6.039003121,4.915013685,3.314260413,12.60548111,20.8950641,15.56451619,2.582232497,3.066590367,5.156186426,6.605172779,4.320371581,14.12126713,1.015253751,5.290208467
0.460658074,0.162049252,0.733788803,0.48471296,0,0.145492225,0.298811264,0,0.301801474,0.278527919,1.191248392,0.151385472,0.315040201,0.415457599,0.870467196,0,0.750633257,1.017343163,1.718659952,0.432419038,0.708916318,1.171443245,0.862714732,0.297879617,1.008687952,1.857649848,5.572017093,2.075268826,0.25822325,1.533295183,1.678758371,0.695281345,1.481270256,2.517745303,0.761440313,2.760108765
123.6099164,136.9316176,126.735809,154.9465761,140.2346783,136.1807222,141.7859447,128.2792817,115.7408653,138.8461674,117.6357788,132.0081313,137.0424875,135.9931209,121.7203296,150.3791744,129.8595534,113.3610953,32.6545391,31.42245012,33.17728367,34.26471492,66.67552425,37.23495216,31.2693265,31.1819796,26.08717093,34.70310647,34.60191546,29.00483389,33.57516743,37.77695309,35.55048615,32.183353,39.46798956,35.88141395
8.752503399,8.42656108,7.337888029,9.371117221,7.927018531,11.2756474,10.90661113,8.825110288,15.0900737,8.634365477,7.519755477,9.310206505,10.79012689,10.52492585,8.414516231,9.493210449,6.080129379,9.955429519,10.1797551,10.30598708,10.77552803,12.15372367,13.86505818,5.883122441,10.80737091,10.48245272,16.27282265,10.31869777,9.941595113,9.135883801,13.6698896,13.32622578,10.36889179,9.961514024,7.677856489,9.947892008
8.752503399,8.42656108,7.337888029,9.371117221,7.927018531,11.2756474,10.90661113,8.825110288,15.0900737,8.634365477,7.519755477,9.310206505,10.79012689,10.52492585,8.414516231,9.493210449,6.080129379,9.955429519,10.1797551,10.30598708,10.77552803,12.15372367,13.86505818,5.883122441,10.80737091,10.48245272,16.27282265,10.31869777,9.941595113,9.135883801,13.6698896,13.32622578,10.36889179,9.961514024,7.677856489,9.947892008
1.612303258,3.565083534,2.044125951,2.989063251,2.288211535,2.982590604,3.062815453,2.679051338,2.565312529,2.854911166,2.605855858,2.34647481,3.150402011,3.392903728,3.11917412,3.864492749,2.852406375,1.453347375,2.908501458,3.387282467,3.473689957,3.148253721,1.848674425,1.712807799,2.954014716,2.919164047,2.532735042,2.478793319,2.517676684,3.002703068,1.85862534,2.20172426,2.962540513,1.258872651,3.172667971,2.932615563
1.612303258,3.565083534,2.044125951,2.989063251,2.288211535,2.982590604,3.062815453,2.679051338,2.565312529,2.854911166,2.605855858,2.34647481,3.150402011,3.392903728,3.11917412,3.864492749,2.852406375,1.453347375,2.908501458,3.387282467,3.473689957,3.148253721,1.848674425,1.712807799,2.954014716,2.919164047,2.532735042,2.478793319,2.517676684,3.002703068,1.85862534,2.20172426,2.962540513,1.258872651,3.172667971,2.932615563
13.43586048,12.39676774,14.1516412,14.86453076,15.77231522,14.98569913,13.44650687,13.1588698,15.99547812,14.55308375,15.70958818,14.83577622,16.06705025,16.20284637,15.160637,16.97016381,15.53810841,16.64082744,14.41030268,11.45910452,15.1708092,13.76445813,10.90717911,13.62799249,11.23966575,14.92754342,14.75318162,16.77508967,12.00738111,13.73576935,14.62918009,15.87559071,14.01034784,16.0916765,13.07139204,16.50315033
0,0,0,0,0,0,0,0,0,0,0,0,0,0,0,0,0,0,0,0,0,0,0,0,0,0,0,0,0,0,0,0,0,0,0,0
0,0,0,0,0,0,0,0,0,0,0,0,0,0,0,0,0,0,0,0,0,0,0,0,0,0,0,0,0,0,0,0,0,0,0,0
13.43586048,12.39676774,14.1516412,14.86453076,15.77231522,14.98569913,13.44650687,13.1588698,15.99547812,14.55308375,15.70958818,14.83577622,16.06705025,16.20284637,15.160637,16.97016381,15.53810841,16.64082744,14.41030268,11.45910452,15.1708092,13.76445813,10.90717911,13.62799249,11.23966575,14.92754342,14.75318162,16.77508967,12.00738111,13.73576935,14.62918009,15.87559071,14.01034784,16.0916765,13.07139204,16.50315033
12.89842606,13.12598937,15.26354089,14.54138879,13.23893816,21.67834146,17.48045893,17.65022058,27.46393414,24.09266496,19.80450452,24.22167546,31.16440677,26.8338524,21.32644631,18.65037805,19.51646467,18.6028464,44.25919551,28.68379621,33.01820284,31.33610681,37.83620322,30.53266077,30.40473683,36.22417204,41.03030768,33.64714052,26.59699472,24.78827213,36.57295023,31.03086996,26.16910786,26.70999365,37.15612986,31.16622814
5.835002266,1.134344761,1.467577606,2.423564798,2.941986259,3.055336716,4.033952061,3.467007613,4.376121373,2.506751267,2.680308883,4.238793205,5.828243719,3.600632528,4.642491714,4.536578445,2.702279724,6.540063188,9.650936656,6.774564935,3.261015061,4.539342575,7.641187622,6.404411771,5.043439758,5.042192445,6.711747862,7.955197165,4.648018494,5.622082339,8.273880544,9.733938832,5.184445897,7.991104657,5.45698891,6.785267381